Time Stamp,ID,Extended,Dir,Bus,LEN,D1,D2,D3,D4,D5,D6,D7,D8
8799357,000000E0,false,Rx,0,8,00,00,00,08,00,00,00,59,
8804138,0000002C,false,Rx,0,8,1E,00,2F,52,00,21,00,80,
8809359,000000E0,false,Rx,0,8,00,00,00,08,01,00,00,44,
8814142,0000002C,false,Rx,0,8,1E,00,2F,52,10,BC,00,80,
8819354,000000E0,false,Rx,0,8,00,00,00,08,02,00,00,63,
8824146,0000002C,false,Rx,0,8,1E,00,2F,52,20,06,00,80,
8829357,000000E0,false,Rx,0,8,00,00,00,08,03,00,00,7E,
8834138,0000002C,false,Rx,0,8,1E,00,2F,52,30,9B,00,80,
8839349,000000E0,false,Rx,0,8,00,00,00,08,04,00,00,2D,
8844140,0000002C,false,Rx,0,8,1E,00,2F,52,40,6F,00,80,
8849351,000000E0,false,Rx,0,8,00,00,00,08,05,00,00,30,
8854131,0000002C,false,Rx,0,8,1E,00,2F,52,50,F2,00,80,
8859352,000000E0,false,Rx,0,8,00,00,00,08,06,00,00,17,
8864133,0000002C,false,Rx,0,8,1E,00,2F,52,60,48,00,80,
8869346,000000E0,false,Rx,0,8,00,00,00,08,07,00,00,0A,
8874127,0000002C,false,Rx,0,8,1E,00,2F,52,70,D5,00,80,
8879339,000000E0,false,Rx,0,8,00,00,00,08,08,00,00,B1,
8884130,0000002C,false,Rx,0,8,1E,00,2F,52,80,BD,00,80,
8889342,000000E0,false,Rx,0,8,00,00,00,08,09,00,00,AC,
8894132,0000002C,false,Rx,0,8,1E,00,2F,52,90,20,00,80,
8899334,000000E0,false,Rx,0,8,00,00,00,08,0A,00,00,8B,
8904125,0000002C,false,Rx,0,8,1E,00,2F,52,A0,9A,00,80,
8909337,000000E0,false,Rx,0,8,00,00,00,08,0B,00,00,96,
8914118,0000002C,false,Rx,0,8,1E,00,2F,52,B0,07,00,80,
8919339,000000E0,false,Rx,0,8,00,00,00,08,0C,00,00,C5,
8924120,0000002C,false,Rx,0,8,1E,00,2F,52,C0,F3,00,80,
8929332,000000E0,false,Rx,0,8,00,00,00,08,0D,00,00,D8,
8934123,0000002C,false,Rx,0,8,1E,00,2F,52,D0,6E,00,80,
8939334,000000E0,false,Rx,0,8,00,00,00,08,0E,00,00,FF,
8944115,0000002C,false,Rx,0,8,1E,00,2F,52,E0,D4,00,80,
8949337,000000E0,false,Rx,0,8,00,00,00,0C,0F,00,00,7F,
8954118,0000002C,false,Rx,0,8,1E,00,2F,52,F0,49,00,80,
8959339,000000E0,false,Rx,0,8,00,00,00,0C,00,00,00,C4,
8964120,0000002C,false,Rx,0,8,1E,00,2F,52,00,21,00,80,
8969331,000000E0,false,Rx,0,8,00,00,00,0C,01,00,00,D9,
8974122,0000002C,false,Rx,0,8,1E,00,2F,52,10,BC,00,80,
8979343,000000E0,false,Rx,0,8,00,00,00,0C,02,00,00,FE,
8984125,0000002C,false,Rx,0,8,1E,00,2F,52,20,06,00,80,
8989327,000000E0,false,Rx,0,8,00,00,00,0C,03,00,00,E3,
8994118,0000002C,false,Rx,0,8,1E,00,2F,52,30,9B,00,80,
8999329,000000E0,false,Rx,0,8,00,00,00,0C,04,00,00,B0,
9004110,0000002C,false,Rx,0,8,1E,00,2F,52,40,6F,00,80,
9009322,000000E0,false,Rx,0,8,00,00,00,0C,05,00,00,AD,
9014103,0000002C,false,Rx,0,8,1E,00,2F,52,50,F2,00,80,
9019315,000000E0,false,Rx,0,8,00,00,00,0C,06,00,00,8A,
9024106,0000002C,false,Rx,0,8,1E,00,2F,52,60,48,00,80,
9029317,000000E0,false,Rx,0,8,00,00,00,0C,07,00,00,97,
9034098,0000002C,false,Rx,0,8,1E,00,2F,52,70,D5,00,80,
9039319,000000E0,false,Rx,0,8,00,00,00,0C,08,00,00,2C,
9044100,0000002C,false,Rx,0,8,1E,00,2F,52,80,BD,00,80,
9049313,000000E0,false,Rx,0,8,00,00,00,0C,09,00,00,31,
9054106,0000002C,false,Rx,0,8,1E,00,2F,52,90,20,00,80,
9059317,000000E0,false,Rx,0,8,00,00,00,0C,0A,00,00,16,
9064101,0000002C,false,Rx,0,8,1E,00,2F,52,A0,9A,00,80,
9069313,000000E0,false,Rx,0,8,00,00,00,0C,0B,00,00,0B,
9074096,0000002C,false,Rx,0,8,1E,00,2F,52,B0,07,00,80,
9079307,000000E0,false,Rx,0,8,00,00,00,0C,0C,00,00,58,
9084099,0000002C,false,Rx,0,8,1E,00,2F,52,C0,F3,00,80,
9089319,000000E0,false,Rx,0,8,00,00,00,0C,0D,00,00,45,
9094101,0000002C,false,Rx,0,8,1E,00,2F,52,D0,6E,00,80,
9099311,000000E0,false,Rx,0,8,00,00,00,0C,0E,00,00,62,
9104093,0000002C,false,Rx,0,8,1E,00,2F,52,E0,D4,00,80,
9109313,000000E0,false,Rx,0,8,00,00,00,0C,0F,00,00,7F,
9114096,0000002C,false,Rx,0,8,1E,00,2F,52,F0,49,00,80,
9119307,000000E0,false,Rx,0,8,00,00,00,0C,00,00,00,C4,
9124099,0000002C,false,Rx,0,8,1E,00,2F,52,00,21,00,80,
9129309,000000E0,false,Rx,0,8,00,00,00,0C,01,00,00,D9,
9134091,0000002C,false,Rx,0,8,1E,00,2F,52,10,BC,00,80,
9139311,000000E0,false,Rx,0,8,00,00,00,0C,02,00,00,FE,
9144093,0000002C,false,Rx,0,8,1E,00,2F,52,20,06,00,80,
9149304,000000E0,false,Rx,0,8,00,00,00,0C,03,00,00,E3,
9154087,0000002C,false,Rx,0,8,1E,00,2F,52,30,9B,00,80,
9159306,000000E0,false,Rx,0,8,00,00,00,0C,04,00,00,B0,
9164088,0000002C,false,Rx,0,8,1E,00,2F,52,40,6F,00,80,
9169298,000000E0,false,Rx,0,8,00,00,00,0C,05,00,00,AD,
9174081,0000002C,false,Rx,0,8,1E,00,2F,52,50,F2,00,80,
9179293,000000E0,false,Rx,0,8,00,00,00,0C,06,00,00,8A,
9184085,0000002C,false,Rx,0,8,1E,00,2F,52,60,48,00,80,
9189296,000000E0,false,Rx,0,8,00,00,00,0C,07,00,00,97,
9194077,0000002C,false,Rx,0,8,1E,00,2F,52,70,D5,00,80,
9199298,000000E0,false,Rx,0,8,00,00,00,0C,08,00,00,2C,
9204079,0000002C,false,Rx,0,8,1E,00,2F,52,80,BD,00,80,
9209291,000000E0,false,Rx,0,8,00,00,00,0C,09,00,00,31,
9214081,0000002C,false,Rx,0,8,1E,00,2F,52,90,20,00,80,
9219293,000000E0,false,Rx,0,8,00,00,00,0C,0A,00,00,16,
9224084,0000002C,false,Rx,0,8,1E,00,2F,52,A0,9A,00,80,
9229296,000000E0,false,Rx,0,8,00,00,00,0C,0B,00,00,0B,
9234076,0000002C,false,Rx,0,8,1E,00,2F,52,B0,07,00,80,
9239288,000000E0,false,Rx,0,8,00,00,00,0C,0C,00,00,58,
9244070,0000002C,false,Rx,0,8,1E,00,2F,52,C0,F3,00,80,
9249291,000000E0,false,Rx,0,8,00,00,00,0C,0D,00,00,45,
9254072,0000002C,false,Rx,0,8,1E,00,2F,52,D0,6E,00,80,
9259283,000000E0,false,Rx,0,8,00,00,00,0C,0E,00,00,62,
9264074,0000002C,false,Rx,0,8,1E,00,2F,52,E0,D4,00,80,
9269286,000000E0,false,Rx,0,8,00,00,00,0C,0F,00,00,7F,
9274067,0000002C,false,Rx,0,8,1E,00,2F,52,F0,49,00,80,
9279288,000000E0,false,Rx,0,8,00,00,00,0C,00,00,00,C4,
9284069,0000002C,false,Rx,0,8,1E,00,2F,52,00,21,00,80,
9289281,000000E0,false,Rx,0,8,00,00,00,0C,01,00,00,D9,
9294061,0000002C,false,Rx,0,8,1E,00,2F,52,10,BC,00,80,
9299282,000000E0,false,Rx,0,8,00,00,00,0C,02,00,00,FE,
9304073,0000002C,false,Rx,0,8,1E,00,2F,52,20,06,00,80,
9309277,000000E0,false,Rx,0,8,00,00,00,0C,03,00,00,E3,
9314067,0000002C,false,Rx,0,8,1E,00,2F,52,30,9B,00,80,
9319279,000000E0,false,Rx,0,8,00,00,00,0C,04,00,00,B0,
9324070,0000002C,false,Rx,0,8,1E,00,2F,52,40,6F,00,80,
9329271,000000E0,false,Rx,0,8,00,00,00,0C,05,00,00,AD,
9334052,0000002C,false,Rx,0,8,1E,00,2F,52,50,F2,00,80,
9339273,000000E0,false,Rx,0,8,00,00,00,0C,06,00,00,8A,
9344065,0000002C,false,Rx,0,8,1E,00,2F,52,60,48,00,80,
9349286,000000E0,false,Rx,0,8,00,00,00,08,07,00,00,0A,
9354067,0000002C,false,Rx,0,8,1E,00,2F,52,70,D5,00,80,
9359288,000000E0,false,Rx,0,8,00,00,00,08,08,00,00,B1,
9364070,0000002C,false,Rx,0,8,1E,00,2F,52,80,BD,00,80,
9369282,000000E0,false,Rx,0,8,00,00,00,08,09,00,00,AC,
9374072,0000002C,false,Rx,0,8,1E,00,2F,52,90,20,00,80,
9379284,000000E0,false,Rx,0,8,00,00,00,08,0A,00,00,8B,
9384066,0000002C,false,Rx,0,8,1E,00,2F,52,A0,9A,00,80,
9389277,000000E0,false,Rx,0,8,00,00,00,08,0B,00,00,96,
9394068,0000002C,false,Rx,0,8,1E,00,2F,52,B0,07,00,80,
9399279,000000E0,false,Rx,0,8,00,00,00,08,0C,00,00,C5,
9404070,0000002C,false,Rx,0,8,1E,00,2F,52,C0,F3,00,80,
9409271,000000E0,false,Rx,0,8,00,00,00,08,0D,00,00,D8,
9414064,0000002C,false,Rx,0,8,1E,00,2F,52,D0,6E,00,80,
9419274,000000E0,false,Rx,0,8,00,00,00,08,0E,00,00,FF,
9424066,0000002C,false,Rx,0,8,1E,00,2F,52,E0,D4,00,80,
9429277,000000E0,false,Rx,0,8,00,00,00,08,0F,00,00,E2,
9434058,0000002C,false,Rx,0,8,1E,00,2F,52,F0,49,00,80,
9439279,000000E0,false,Rx,0,8,00,00,00,08,00,00,00,59,
9444060,0000002C,false,Rx,0,8,1E,00,2F,52,00,21,00,80,
9449272,000000E0,false,Rx,0,8,00,00,00,08,01,00,00,44,
9454063,0000002C,false,Rx,0,8,1E,00,2F,52,10,BC,00,80,
9459275,000000E0,false,Rx,0,8,00,00,00,08,02,00,00,63,
9464065,0000002C,false,Rx,0,8,1E,00,2F,52,20,06,00,80,
9469278,000000E0,false,Rx,0,8,00,00,00,08,03,00,00,7E,
9474060,0000002C,false,Rx,0,8,1E,00,2F,52,30,9B,00,80,
9479271,000000E0,false,Rx,0,8,00,00,00,08,04,00,00,2D,
9484052,0000002C,false,Rx,0,8,1E,00,2F,52,40,6F,00,80,
9489264,000000E0,false,Rx,0,8,00,00,00,08,05,00,00,30,
9494046,0000002C,false,Rx,0,8,1E,00,2F,52,50,F2,00,80,
9499267,000000E0,false,Rx,0,8,00,00,00,08,06,00,00,17,
9504058,0000002C,false,Rx,0,8,1E,00,2F,52,60,48,00,80,
9509260,000000E0,false,Rx,0,8,00,00,00,08,07,00,00,0A,
9514050,0000002C,false,Rx,0,8,1E,00,2F,52,70,D5,00,80,
9519261,000000E0,false,Rx,0,8,00,00,00,08,08,00,00,B1,
9524043,0000002C,false,Rx,0,8,1E,00,2F,52,80,BD,00,80,
9529265,000000E0,false,Rx,0,8,00,00,00,08,09,00,00,AC,
9534045,0000002C,false,Rx,0,8,1E,00,2F,52,90,20,00,80,
9539256,000000E0,false,Rx,0,8,00,00,00,08,0A,00,00,8B,
9544038,0000002C,false,Rx,0,8,1E,00,2F,52,A0,9A,00,80,
9549250,000000E0,false,Rx,0,8,00,00,00,08,0B,00,00,96,
9554040,0000002C,false,Rx,0,8,1E,00,2F,52,B0,07,00,80,
9559254,000000E0,false,Rx,0,8,00,00,00,08,0C,00,00,C5,
9564046,0000002C,false,Rx,0,8,1E,00,2F,52,C0,F3,00,80,
9569247,000000E0,false,Rx,0,8,00,00,00,08,0D,00,00,D8,
9574039,0000002C,false,Rx,0,8,1E,00,2F,52,D0,6E,00,80,
9579250,000000E0,false,Rx,0,8,00,00,00,08,0E,00,00,FF,
9584041,0000002C,false,Rx,0,8,1E,00,2F,52,E0,D4,00,80,
9589251,000000E0,false,Rx,0,8,00,00,00,08,0F,00,00,E2,
9594033,0000002C,false,Rx,0,8,1E,00,2F,52,F0,49,00,80,
9599244,000000E0,false,Rx,0,8,00,00,00,08,00,00,00,59,
9604036,0000002C,false,Rx,0,8,1E,00,2F,52,00,21,00,80,
9609246,000000E0,false,Rx,0,8,00,00,00,08,01,00,00,44,
9614038,0000002C,false,Rx,0,8,1E,00,2F,52,10,BC,00,80,
9619249,000000E0,false,Rx,0,8,00,00,00,08,02,00,00,63,
9624032,0000002C,false,Rx,0,8,1E,00,2F,52,20,06,00,80,
9629252,000000E0,false,Rx,0,8,00,00,00,08,03,00,00,7E,
9634035,0000002C,false,Rx,0,8,1E,00,2F,52,30,9B,00,80,
9639245,000000E0,false,Rx,0,8,00,00,00,08,04,00,00,2D,
9644037,0000002C,false,Rx,0,8,1E,00,2F,52,40,6F,00,80,
9649246,000000E0,false,Rx,0,8,00,00,00,08,05,00,00,30,
9654028,0000002C,false,Rx,0,8,1E,00,2F,52,50,F2,00,80,
9659238,000000E0,false,Rx,0,8,00,00,00,08,06,00,00,17,
9664032,0000002C,false,Rx,0,8,1E,00,2F,52,60,48,00,80,
9669242,000000E0,false,Rx,0,8,00,00,00,08,07,00,00,0A,
9674025,0000002C,false,Rx,0,8,1E,00,2F,52,70,D5,00,80,
9679245,000000E0,false,Rx,0,8,00,00,00,08,08,00,00,B1,
9684027,0000002C,false,Rx,0,8,1E,00,2F,52,80,BD,00,80,
9689238,000000E0,false,Rx,0,8,00,00,00,08,09,00,00,AC,
9694030,0000002C,false,Rx,0,8,1E,00,2F,52,90,20,00,80,
9699241,000000E0,false,Rx,0,8,00,00,00,08,0A,00,00,8B,
9704022,0000002C,false,Rx,0,8,1E,00,2F,52,A0,9A,00,80,
9709233,000000E0,false,Rx,0,8,00,00,00,08,0B,00,00,96,
9714013,0000002C,false,Rx,0,8,1E,00,2F,52,B0,07,00,80,
9719235,000000E0,false,Rx,0,8,00,00,00,08,0C,00,00,C5,
9724017,0000002C,false,Rx,0,8,1E,00,2F,52,C0,F3,00,80,
9729229,000000E0,false,Rx,0,8,00,00,00,08,0D,00,00,D8,
9734012,0000002C,false,Rx,0,8,1E,00,2F,52,D0,6E,00,80,
9739233,000000E0,false,Rx,0,8,00,00,00,08,0E,00,00,FF,
9744015,0000002C,false,Rx,0,8,1E,00,2F,52,E0,D4,00,80,
9749226,000000E0,false,Rx,0,8,00,00,00,08,0F,00,00,E2,
9754007,0000002C,false,Rx,0,8,1E,00,2F,52,F0,49,00,80,
9759228,000000E0,false,Rx,0,8,00,00,00,08,00,00,00,59,
9764010,0000002C,false,Rx,0,8,1E,00,2F,52,00,21,00,80,
9769223,000000E0,false,Rx,0,8,00,00,00,08,01,00,00,44,
9774013,0000002C,false,Rx,0,8,1E,00,2F,52,10,BC,00,80,
9779224,000000E0,false,Rx,0,8,00,00,00,08,02,00,00,63,
9784015,0000002C,false,Rx,0,8,1E,00,2F,52,20,06,00,80,
9789228,000000E0,false,Rx,0,8,00,00,00,08,03,00,00,7E,
9794010,0000002C,false,Rx,0,8,1E,00,2F,52,30,9B,00,80,
9799223,000000E0,false,Rx,0,8,00,00,00,08,04,00,00,2D,
9804015,0000002C,false,Rx,0,8,1E,00,2F,52,40,6F,00,80,
9809220,000000E0,false,Rx,0,8,00,00,00,08,05,00,00,30,
9814001,0000002C,false,Rx,0,8,1E,00,2F,52,50,F2,00,80,
9819223,000000E0,false,Rx,0,8,00,00,00,08,06,00,00,17,
9824004,0000002C,false,Rx,0,8,1E,00,2F,52,60,48,00,80,
9829216,000000E0,false,Rx,0,8,00,00,00,08,07,00,00,0A,
9834007,0000002C,false,Rx,0,8,1E,00,2F,52,70,D5,00,80,
9839218,000000E0,false,Rx,0,8,00,00,00,08,08,00,00,B1,
9843999,0000002C,false,Rx,0,8,1E,00,2F,52,80,BD,00,80,
9849210,000000E0,false,Rx,0,8,00,00,00,08,09,00,00,AC,
9854002,0000002C,false,Rx,0,8,1E,00,2F,52,90,20,00,80,
9859213,000000E0,false,Rx,0,8,00,00,00,08,0A,00,00,8B,
9863994,0000002C,false,Rx,0,8,1E,00,2F,52,A0,9A,00,80,
9869206,000000E0,false,Rx,0,8,00,00,00,08,0B,00,00,96,
9873987,0000002C,false,Rx,0,8,1E,00,2F,52,B0,07,00,80,
9879208,000000E0,false,Rx,0,8,00,00,00,08,0C,00,00,C5,
9883990,0000002C,false,Rx,0,8,1E,00,2F,52,C0,F3,00,80,
9889203,000000E0,false,Rx,0,8,00,00,00,08,0D,00,00,D8,
9893994,0000002C,false,Rx,0,8,1E,00,2F,52,D0,6E,00,80,
9899206,000000E0,false,Rx,0,8,00,00,00,08,0E,00,00,FF,
9903987,0000002C,false,Rx,0,8,1E,00,2F,52,E0,D4,00,80,
9909208,000000E0,false,Rx,0,8,00,00,00,08,0F,00,00,E2,
9913989,0000002C,false,Rx,0,8,1E,00,2F,52,F0,49,00,80,
9919201,000000E0,false,Rx,0,8,00,00,00,08,00,00,00,59,
9923992,0000002C,false,Rx,0,8,1E,00,2F,52,00,21,00,80,
9929203,000000E0,false,Rx,0,8,00,00,00,08,01,00,00,44,
9933985,0000002C,false,Rx,0,8,1E,00,2F,52,10,BC,00,80,
9939208,000000E0,false,Rx,0,8,00,00,00,08,02,00,00,63,
9943989,0000002C,false,Rx,0,8,1E,00,2F,52,20,06,00,80,
9949210,000000E0,false,Rx,0,8,00,00,00,08,03,00,00,7E,
9953991,0000002C,false,Rx,0,8,1E,00,2F,52,30,9B,00,80,
9959202,000000E0,false,Rx,0,8,00,00,00,08,04,00,00,2D,
9963984,0000002C,false,Rx,0,8,1E,00,2F,52,40,6F,00,80,
9969195,000000E0,false,Rx,0,8,00,00,00,08,05,00,00,30,
9973976,0000002C,false,Rx,0,8,1E,00,2F,52,50,F2,00,80,
9979198,000000E0,false,Rx,0,8,00,00,00,08,06,00,00,17,
9983980,0000002C,false,Rx,0,8,1E,00,2F,52,60,48,00,80,
9989201,000000E0,false,Rx,0,8,00,00,00,08,07,00,00,0A,
9993982,0000002C,false,Rx,0,8,1E,00,2F,52,70,D5,00,80,
9999193,000000E0,false,Rx,0,8,00,00,00,08,08,00,00,B1,
10003974,0000002C,false,Rx,0,8,1E,00,2F,52,80,BD,00,80,
10009185,000000E0,false,Rx,0,8,00,00,00,08,09,00,00,AC,
10013975,0000002C,false,Rx,0,8,1E,00,2F,52,90,20,00,80,
10019189,000000E0,false,Rx,0,8,00,00,00,08,0A,00,00,8B,
10023970,0000002C,false,Rx,0,8,1E,00,2F,52,A0,9A,00,80,
10029181,000000E0,false,Rx,0,8,00,00,00,08,0B,00,00,96,
10033972,0000002C,false,Rx,0,8,1E,00,2F,52,B0,07,00,80,
10039183,000000E0,false,Rx,0,8,00,00,00,08,0C,00,00,C5,
10043974,0000002C,false,Rx,0,8,1E,00,2F,52,C0,F3,00,80,
10049185,000000E0,false,Rx,0,8,00,00,00,08,0D,00,00,D8,
10053966,0000002C,false,Rx,0,8,1E,00,2F,52,D0,6E,00,80,
10059180,000000E0,false,Rx,0,8,00,00,00,08,0E,00,00,FF,
10063971,0000002C,false,Rx,0,8,1E,00,2F,52,E0,D4,00,80,
10069182,000000E0,false,Rx,0,8,00,00,00,08,0F,00,00,E2,
10073964,0000002C,false,Rx,0,8,1E,00,2F,52,F0,49,00,80,
10079175,000000E0,false,Rx,0,8,00,00,00,08,00,00,00,59,
10083966,0000002C,false,Rx,0,8,1E,00,2F,52,00,21,00,80,
10089177,000000E0,false,Rx,0,8,00,00,00,08,01,00,00,44,
10093968,0000002C,false,Rx,0,8,1E,00,2F,52,10,BC,00,80,
10099180,000000E0,false,Rx,0,8,00,00,00,08,02,00,00,63,
10103972,0000002C,false,Rx,0,8,1E,00,2F,52,20,06,00,80,
10109182,000000E0,false,Rx,0,8,00,00,00,08,03,00,00,7E,
10113965,0000002C,false,Rx,0,8,1E,00,2F,52,30,9B,00,80,
10119174,000000E0,false,Rx,0,8,00,00,00,08,04,00,00,2D,
10123966,0000002C,false,Rx,0,8,1E,00,2F,52,40,6F,00,80,
10129167,000000E0,false,Rx,0,8,00,00,00,08,05,00,00,30,
10133950,0000002C,false,Rx,0,8,1E,00,2F,52,50,F2,00,80,
10139170,000000E0,false,Rx,0,8,00,00,00,08,06,00,00,17,
10143962,0000002C,false,Rx,0,8,1E,00,2F,52,60,48,00,80,
10149173,000000E0,false,Rx,0,8,00,00,00,08,07,00,00,0A,
10153955,0000002C,false,Rx,0,8,1E,00,2F,52,70,D5,00,80,
10159175,000000E0,false,Rx,0,8,00,00,00,08,08,00,00,B1,
10163957,0000002C,false,Rx,0,8,1E,00,2F,52,80,BD,00,80,
10169168,000000E0,false,Rx,0,8,00,00,00,08,09,00,00,AC,
10173960,0000002C,false,Rx,0,8,1E,00,2F,52,90,20,00,80,
10179170,000000E0,false,Rx,0,8,00,00,00,08,0A,00,00,8B,
10183952,0000002C,false,Rx,0,8,1E,00,2F,52,A0,9A,00,80,
10189162,000000E0,false,Rx,0,8,00,00,00,08,0B,00,00,96,
10193945,0000002C,false,Rx,0,8,1E,00,2F,52,B0,07,00,80,
10199165,000000E0,false,Rx,0,8,00,00,00,08,0C,00,00,C5,
10203948,0000002C,false,Rx,0,8,1E,00,2F,52,C0,F3,00,80,
10209158,000000E0,false,Rx,0,8,00,00,00,08,0D,00,00,D8,
10213950,0000002C,false,Rx,0,8,1E,00,2F,52,D0,6E,00,80,
10219161,000000E0,false,Rx,0,8,00,00,00,08,0E,00,00,FF,
10223943,0000002C,false,Rx,0,8,1E,00,2F,52,E0,D4,00,80,
10229154,000000E0,false,Rx,0,8,00,00,00,08,0F,00,00,E2,
10233945,0000002C,false,Rx,0,8,1E,00,2F,52,F0,49,00,80,
10239156,000000E0,false,Rx,0,8,00,00,00,08,00,00,00,59,
10243947,0000002C,false,Rx,0,8,1E,00,2F,52,00,21,00,80,
10249158,000000E0,false,Rx,0,8,00,00,00,08,01,00,00,44,
10253940,0000002C,false,Rx,0,8,1E,00,2F,52,10,BC,00,80,
10259161,000000E0,false,Rx,0,8,00,00,00,08,02,00,00,63,
10263943,0000002C,false,Rx,0,8,1E,00,2F,52,20,06,00,80,
10269154,000000E0,false,Rx,0,8,00,00,00,08,03,00,00,7E,
10273935,0000002C,false,Rx,0,8,1E,00,2F,52,30,9B,00,80,
10279157,000000E0,false,Rx,0,8,00,00,00,08,04,00,00,2D,
10283937,0000002C,false,Rx,0,8,1E,00,2F,52,40,6F,00,80,
10289150,000000E0,false,Rx,0,8,00,00,00,08,05,00,00,30,
10293930,0000002C,false,Rx,0,8,1E,00,2F,52,50,F2,00,80,
10299151,000000E0,false,Rx,0,8,00,00,00,08,06,00,00,17,
10303942,0000002C,false,Rx,0,8,1E,00,2F,52,60,48,00,80,
10309146,000000E0,false,Rx,0,8,00,00,00,08,07,00,00,0A,
10313928,0000002C,false,Rx,0,8,1E,00,2F,52,70,D5,00,80,
10319139,000000E0,false,Rx,0,8,00,00,00,08,08,00,00,B1,
10323930,0000002C,false,Rx,0,8,1E,00,2F,52,80,BD,00,80,
10329141,000000E0,false,Rx,0,8,00,00,00,08,09,00,00,AC,
10333932,0000002C,false,Rx,0,8,1E,00,2F,52,90,20,00,80,
10339143,000000E0,false,Rx,0,8,00,00,00,08,0A,00,00,8B,
10343924,0000002C,false,Rx,0,8,1E,00,2F,52,A0,9A,00,80,
10349136,000000E0,false,Rx,0,8,00,00,00,08,0B,00,00,96,
10353917,0000002C,false,Rx,0,8,1E,00,2F,52,B0,07,00,80,
10359139,000000E0,false,Rx,0,8,00,00,00,08,0C,00,00,C5,
10363920,0000002C,false,Rx,0,8,1E,00,2F,52,C0,F3,00,80,
10369141,000000E0,false,Rx,0,8,00,00,00,08,0D,00,00,D8,
10373922,0000002C,false,Rx,0,8,1E,00,2F,52,D0,6E,00,80,
10379135,000000E0,false,Rx,0,8,00,00,00,08,0E,00,00,FF,
10383926,0000002C,false,Rx,0,8,1E,00,2F,52,E0,D4,00,80,
10389137,000000E0,false,Rx,0,8,00,00,00,08,0F,00,00,E2,
10393918,0000002C,false,Rx,0,8,1E,00,2F,52,F0,49,00,80,
10399139,000000E0,false,Rx,0,8,00,00,00,08,00,00,00,59,
10403920,0000002C,false,Rx,0,8,1E,00,2F,52,00,21,00,80,
10409131,000000E0,false,Rx,0,8,00,00,00,08,01,00,00,44,
10413922,0000002C,false,Rx,0,8,1E,00,2F,52,10,BC,00,80,
10419133,000000E0,false,Rx,0,8,00,00,00,08,02,00,00,63,
10423924,0000002C,false,Rx,0,8,1E,00,2F,52,20,06,00,80,
10429135,000000E0,false,Rx,0,8,00,00,00,08,03,00,00,7E,
10433916,0000002C,false,Rx,0,8,1E,00,2F,52,30,9B,00,80,
10439130,000000E0,false,Rx,0,8,00,00,00,08,04,00,00,2D,
10443920,0000002C,false,Rx,0,8,1E,00,2F,52,40,6F,00,80,
10449122,000000E0,false,Rx,0,8,00,00,00,08,05,00,00,30,
10453904,0000002C,false,Rx,0,8,1E,00,2F,52,50,F2,00,80,
10459125,000000E0,false,Rx,0,8,00,00,00,08,06,00,00,17,
10463917,0000002C,false,Rx,0,8,1E,00,2F,52,60,48,00,80,
10469120,000000E0,false,Rx,0,8,00,00,00,08,07,00,00,0A,
10473911,0000002C,false,Rx,0,8,1E,00,2F,52,70,D5,00,80,
10479122,000000E0,false,Rx,0,8,00,00,00,08,08,00,00,B1,
10483904,0000002C,false,Rx,0,8,1E,00,2F,52,80,BD,00,80,
10489125,000000E0,false,Rx,0,8,00,00,00,08,09,00,00,AC,
10493906,0000002C,false,Rx,0,8,1E,00,2F,52,90,20,00,80,
10499117,000000E0,false,Rx,0,8,00,00,00,08,0A,00,00,8B,
10503899,0000002C,false,Rx,0,8,1E,00,2F,52,A0,9A,00,80,
10509120,000000E0,false,Rx,0,8,00,00,00,08,0B,00,00,96,
10513901,0000002C,false,Rx,0,8,1E,00,2F,52,B0,07,00,80,
10519112,000000E0,false,Rx,0,8,00,00,00,08,0C,00,00,C5,
10523904,0000002C,false,Rx,0,8,1E,00,2F,52,C0,F3,00,80,
10529115,000000E0,false,Rx,0,8,00,00,00,08,0D,00,00,D8,
10533906,0000002C,false,Rx,0,8,1E,00,2F,52,D0,6E,00,80,
10539117,000000E0,false,Rx,0,8,00,00,00,08,0E,00,00,FF,
10543897,0000002C,false,Rx,0,8,1E,00,2F,52,E0,D4,00,80,
10549109,000000E0,false,Rx,0,8,00,00,00,08,0F,00,00,E2,
10553892,0000002C,false,Rx,0,8,1E,00,2F,52,F0,49,00,80,
10559106,000000E0,false,Rx,0,8,00,00,00,08,00,00,00,59,
10563897,0000002C,false,Rx,0,8,1E,00,2F,52,00,21,00,80,
10569107,000000E0,false,Rx,0,8,00,00,00,08,01,00,00,44,
10573898,0000002C,false,Rx,0,8,1E,00,2F,52,10,BC,00,80,
10579109,000000E0,false,Rx,0,8,00,00,00,08,02,00,00,63,
10583890,0000002C,false,Rx,0,8,1E,00,2F,52,20,06,00,80,
10589111,000000E0,false,Rx,0,8,00,00,00,08,03,00,00,7E,
10593892,0000002C,false,Rx,0,8,1E,00,2F,52,30,9B,00,80,
10599105,000000E0,false,Rx,0,8,00,00,00,08,04,00,00,2D,
10603896,0000002C,false,Rx,0,8,1E,00,2F,52,40,6F,00,80,
10609107,000000E0,false,Rx,0,8,00,00,00,08,05,00,00,30,
10613889,0000002C,false,Rx,0,8,1E,00,2F,52,50,F2,00,80,
10619100,000000E0,false,Rx,0,8,00,00,00,08,06,00,00,17,
10623892,0000002C,false,Rx,0,8,1E,00,2F,52,60,48,00,80,
10629103,000000E0,false,Rx,0,8,00,00,00,08,07,00,00,0A,
10633885,0000002C,false,Rx,0,8,1E,00,2F,52,70,D5,00,80,
10639105,000000E0,false,Rx,0,8,00,00,00,08,08,00,00,B1,
10643888,0000002C,false,Rx,0,8,1E,00,2F,52,80,BD,00,80,
10649098,000000E0,false,Rx,0,8,00,00,00,08,09,00,00,AC,
10653890,0000002C,false,Rx,0,8,1E,00,2F,52,90,20,00,80,
10659100,000000E0,false,Rx,0,8,00,00,00,08,0A,00,00,8B,
10663883,0000002C,false,Rx,0,8,1E,00,2F,52,A0,9A,00,80,
10669093,000000E0,false,Rx,0,8,00,00,00,08,0B,00,00,96,
10673876,0000002C,false,Rx,0,8,1E,00,2F,52,B0,07,00,80,
10679096,000000E0,false,Rx,0,8,00,00,00,08,0C,00,00,C5,
10683878,0000002C,false,Rx,0,8,1E,00,2F,52,C0,F3,00,80,
10689098,000000E0,false,Rx,0,8,00,00,00,08,0D,00,00,D8,
10693880,0000002C,false,Rx,0,8,1E,00,2F,52,D0,6E,00,80,
10699090,000000E0,false,Rx,0,8,00,00,00,08,0E,00,00,FF,
10703873,0000002C,false,Rx,0,8,1E,00,2F,52,E0,D4,00,80,
10709083,000000E0,false,Rx,0,8,00,00,00,08,0F,00,00,E2,
10713865,0000002C,false,Rx,0,8,1E,00,2F,52,F0,49,00,80,
10719085,000000E0,false,Rx,0,8,00,00,00,08,00,00,00,59,
10723878,0000002C,false,Rx,0,8,1E,00,2F,52,00,21,00,80,
10729088,000000E0,false,Rx,0,8,00,00,00,08,01,00,00,44,
10733870,0000002C,false,Rx,0,8,1E,00,2F,52,10,BC,00,80,
10739080,000000E0,false,Rx,0,8,00,00,00,08,02,00,00,63,
10743873,0000002C,false,Rx,0,8,1E,00,2F,52,20,06,00,80,
10749095,000000E0,false,Rx,0,8,00,00,00,08,03,00,00,7E,
10753876,0000002C,false,Rx,0,8,1E,00,2F,52,30,9B,00,80,
10759086,000000E0,false,Rx,0,8,00,00,00,08,04,00,00,2D,
10763877,0000002C,false,Rx,0,8,1E,00,2F,52,40,6F,00,80,
10769080,000000E0,false,Rx,0,8,00,00,00,08,05,00,00,30,
10773861,0000002C,false,Rx,0,8,1E,00,2F,52,50,F2,00,80,
10779082,000000E0,false,Rx,0,8,00,00,00,08,06,00,00,17,
10783873,0000002C,false,Rx,0,8,1E,00,2F,52,60,48,00,80,
10789074,000000E0,false,Rx,0,8,00,00,00,08,07,00,00,0A,
10793865,0000002C,false,Rx,0,8,1E,00,2F,52,70,D5,00,80,
10799076,000000E0,false,Rx,0,8,00,00,00,08,08,00,00,B1,
10803868,0000002C,false,Rx,0,8,1E,00,2F,52,80,BD,00,80,
10809071,000000E0,false,Rx,0,8,00,00,00,08,09,00,00,AC,
10813862,0000002C,false,Rx,0,8,1E,00,2F,52,90,20,00,80,
10819065,000000E0,false,Rx,0,8,00,00,00,08,0A,00,00,8B,
10823845,0000002C,false,Rx,0,8,1E,00,2F,52,A0,9A,00,80,
10829066,000000E0,false,Rx,0,8,00,00,00,08,0B,00,00,96,
10833848,0000002C,false,Rx,0,8,1E,00,2F,52,B0,07,00,80,
10839060,000000E0,false,Rx,0,8,00,00,00,08,0C,00,00,C5,
10843840,0000002C,false,Rx,0,8,1E,00,2F,52,C0,F3,00,80,
10849061,000000E0,false,Rx,0,8,00,00,00,08,0D,00,00,D8,
10853842,0000002C,false,Rx,0,8,1E,00,2F,52,D0,6E,00,80,
10859055,000000E0,false,Rx,0,8,00,00,00,08,0E,00,00,FF,
10863845,0000002C,false,Rx,0,8,1E,00,2F,52,E0,D4,00,80,
10869056,000000E0,false,Rx,0,8,00,00,00,08,0F,00,00,E2,
10873837,0000002C,false,Rx,0,8,1E,00,2F,52,F0,49,00,80,
10879060,000000E0,false,Rx,0,8,00,00,00,08,00,00,00,59,
10883851,0000002C,false,Rx,0,8,1E,00,2F,52,00,21,00,80,
10889062,000000E0,false,Rx,0,8,00,00,00,08,01,00,00,44,
10893843,0000002C,false,Rx,0,8,1E,00,2F,52,10,BC,00,80,
10899055,000000E0,false,Rx,0,8,00,00,00,08,02,00,00,63,
10903846,0000002C,false,Rx,0,8,1E,00,2F,52,20,06,00,80,
10909057,000000E0,false,Rx,0,8,00,00,00,08,03,00,00,7E,
10913837,0000002C,false,Rx,0,8,1E,00,2F,52,30,9B,00,80,
10919050,000000E0,false,Rx,0,8,00,00,00,08,04,00,00,2D,
10923841,0000002C,false,Rx,0,8,1E,00,2F,52,40,6F,00,80,
10929052,000000E0,false,Rx,0,8,00,00,00,08,05,00,00,30,
10933833,0000002C,false,Rx,0,8,1E,00,2F,52,50,F2,00,80,
10939055,000000E0,false,Rx,0,8,00,00,00,08,06,00,00,17,
10943836,0000002C,false,Rx,0,8,1E,00,2F,52,60,48,00,80,
10949047,000000E0,false,Rx,0,8,00,00,00,08,07,00,00,0A,
10953827,0000002C,false,Rx,0,8,1E,00,2F,52,70,D5,00,80,
10959049,000000E0,false,Rx,0,8,00,00,00,08,08,00,00,B1,
10963830,0000002C,false,Rx,0,8,1E,00,2F,52,80,BD,00,80,
10969042,000000E0,false,Rx,0,8,00,00,00,08,09,00,00,AC,
10973832,0000002C,false,Rx,0,8,1E,00,2F,52,90,20,00,80,
10979035,000000E0,false,Rx,0,8,00,00,00,08,0A,00,00,8B,
10983825,0000002C,false,Rx,0,8,1E,00,2F,52,A0,9A,00,80,
10989036,000000E0,false,Rx,0,8,00,00,00,08,0B,00,00,96,
10993817,0000002C,false,Rx,0,8,1E,00,2F,52,B0,07,00,80,
10999038,000000E0,false,Rx,0,8,00,00,00,08,0C,00,00,C5,
11003819,0000002C,false,Rx,0,8,1E,00,2F,52,C0,F3,00,80,
11009030,000000E0,false,Rx,0,8,00,00,00,08,0D,00,00,D8,
11013821,0000002C,false,Rx,0,8,1E,00,2F,52,D0,6E,00,80,
11019032,000000E0,false,Rx,0,8,00,00,00,08,0E,00,00,FF,
11023824,0000002C,false,Rx,0,8,1E,00,2F,52,E0,D4,00,80,
11029035,000000E0,false,Rx,0,8,00,00,00,08,0F,00,00,E2,
11033817,0000002C,false,Rx,0,8,1E,00,2F,52,F0,49,00,80,
11039029,000000E0,false,Rx,0,8,00,00,00,08,00,00,00,59,
11043820,0000002C,false,Rx,0,8,1E,00,2F,52,00,21,00,80,
11049032,000000E0,false,Rx,0,8,00,00,00,08,01,00,00,44,
11053813,0000002C,false,Rx,0,8,1E,00,2F,52,10,BC,00,80,
11059026,000000E0,false,Rx,0,8,00,00,00,08,02,00,00,63,
11063817,0000002C,false,Rx,0,8,1E,00,2F,52,20,06,00,80,
11069029,000000E0,false,Rx,0,8,00,00,00,08,03,00,00,7E,
11073811,0000002C,false,Rx,0,8,1E,00,2F,52,30,9B,00,80,
11079032,000000E0,false,Rx,0,8,00,00,00,08,04,00,00,2D,
11083823,0000002C,false,Rx,0,8,1E,00,2F,52,40,6F,00,80,
11089023,000000E0,false,Rx,0,8,00,00,00,08,05,00,00,30,
11093804,0000002C,false,Rx,0,8,1E,00,2F,52,50,F2,00,80,
11099025,000000E0,false,Rx,0,8,00,00,00,08,06,00,00,17,
11103818,0000002C,false,Rx,0,8,1E,00,2F,52,60,48,00,80,
11109020,000000E0,false,Rx,0,8,00,00,00,0C,07,00,00,97,
11113802,0000002C,false,Rx,0,8,1E,00,2F,52,70,D5,00,80,
11119024,000000E0,false,Rx,0,8,00,00,00,0C,08,00,00,2C,
11123806,0000002C,false,Rx,0,8,1E,00,2F,52,80,BD,00,80,
11129017,000000E0,false,Rx,0,8,00,00,00,0C,09,00,00,31,
11133807,0000002C,false,Rx,0,8,1E,00,2F,52,90,20,00,80,
11139018,000000E0,false,Rx,0,8,00,00,00,0C,0A,00,00,16,
11143809,0000002C,false,Rx,0,8,1E,00,2F,52,A0,9A,00,80,
11149020,000000E0,false,Rx,0,8,00,00,00,0C,0B,00,00,0B,
11153801,0000002C,false,Rx,0,8,1E,00,2F,52,B0,07,00,80,
11159013,000000E0,false,Rx,0,8,00,00,00,0C,0C,00,00,58,
11163794,0000002C,false,Rx,0,8,1E,00,2F,52,C0,F3,00,80,
11169015,000000E0,false,Rx,0,8,00,00,00,0C,0D,00,00,45,
11173799,0000002C,false,Rx,0,8,1E,00,2F,52,D0,6E,00,80,
11179009,000000E0,false,Rx,0,8,00,00,00,0C,0E,00,00,62,
11183801,0000002C,false,Rx,0,8,1E,00,2F,52,E0,D4,00,80,
11189011,000000E0,false,Rx,0,8,00,00,00,0C,0F,00,00,7F,
11193792,0000002C,false,Rx,0,8,1E,00,2F,52,F0,49,00,80,
11199012,000000E0,false,Rx,0,8,00,00,00,0C,00,00,00,C4,
11203794,0000002C,false,Rx,0,8,1E,00,2F,52,00,21,00,80,
11209004,000000E0,false,Rx,0,8,00,00,00,0C,01,00,00,D9,
11213786,0000002C,false,Rx,0,8,1E,00,2F,52,10,BC,00,80,
11219005,000000E0,false,Rx,0,8,00,00,00,0C,02,00,00,FE,
11223797,0000002C,false,Rx,0,8,1E,00,2F,52,20,06,00,80,
11229008,000000E0,false,Rx,0,8,00,00,00,0C,03,00,00,E3,
11233791,0000002C,false,Rx,0,8,1E,00,2F,52,30,9B,00,80,
11239010,000000E0,false,Rx,0,8,00,00,00,0C,04,00,00,B0,
11243803,0000002C,false,Rx,0,8,1E,00,2F,52,40,6F,00,80,
11249003,000000E0,false,Rx,0,8,00,00,00,0C,05,00,00,AD,
11253785,0000002C,false,Rx,0,8,1E,00,2F,52,50,F2,00,80,
11258996,000000E0,false,Rx,0,8,00,00,00,0C,06,00,00,8A,
11263788,0000002C,false,Rx,0,8,1E,00,2F,52,60,48,00,80,
11268998,000000E0,false,Rx,0,8,00,00,00,0C,07,00,00,97,
11273780,0000002C,false,Rx,0,8,1E,00,2F,52,70,D5,00,80,
11279001,000000E0,false,Rx,0,8,00,00,00,0C,08,00,00,2C,
11283783,0000002C,false,Rx,0,8,1E,00,2F,52,80,BD,00,80,
11288995,000000E0,false,Rx,0,8,00,00,00,0C,09,00,00,31,
11293785,0000002C,false,Rx,0,8,1E,00,2F,52,90,20,00,80,
11298996,000000E0,false,Rx,0,8,00,00,00,0C,0A,00,00,16,
11303778,0000002C,false,Rx,0,8,1E,00,2F,52,A0,9A,00,80,
11308992,000000E0,false,Rx,0,8,00,00,00,0C,0B,00,00,0B,
11313783,0000002C,false,Rx,0,8,1E,00,2F,52,B0,07,00,80,
11318985,000000E0,false,Rx,0,8,00,00,00,0C,0C,00,00,58,
11323776,0000002C,false,Rx,0,8,1E,00,2F,52,C0,F3,00,80,
11328987,000000E0,false,Rx,0,8,00,00,00,0C,0D,00,00,45,
11333779,0000002C,false,Rx,0,8,1E,00,2F,52,D0,6E,00,80,
11338990,000000E0,false,Rx,0,8,00,00,00,0C,0E,00,00,62,
11343771,0000002C,false,Rx,0,8,1E,00,2F,52,E0,D4,00,80,
11348992,000000E0,false,Rx,0,8,00,00,00,0C,0F,00,00,7F,
11353774,0000002C,false,Rx,0,8,1E,00,2F,52,F0,49,00,80,
11358986,000000E0,false,Rx,0,8,00,00,00,0C,00,00,00,C4,
11363779,0000002C,false,Rx,0,8,1E,00,2F,52,00,21,00,80,
11368990,000000E0,false,Rx,0,8,00,00,00,0C,01,00,00,D9,
11373771,0000002C,false,Rx,0,8,1E,00,2F,52,10,BC,00,80,
11378982,000000E0,false,Rx,0,8,00,00,00,0C,02,00,00,FE,
11383774,0000002C,false,Rx,0,8,1E,00,2F,52,20,06,00,80,
11388985,000000E0,false,Rx,0,8,00,00,00,0C,03,00,00,E3,
11393766,0000002C,false,Rx,0,8,1E,00,2F,52,30,9B,00,80,
11398977,000000E0,false,Rx,0,8,00,00,00,0C,04,00,00,B0,
11403769,0000002C,false,Rx,0,8,1E,00,2F,52,40,6F,00,80,
11408970,000000E0,false,Rx,0,8,00,00,00,0C,05,00,00,AD,
11413761,0000002C,false,Rx,0,8,1E,00,2F,52,50,F2,00,80,
11418972,000000E0,false,Rx,0,8,00,00,00,0C,06,00,00,8A,
11423764,0000002C,false,Rx,0,8,1E,00,2F,52,60,48,00,80,
11428975,000000E0,false,Rx,0,8,00,00,00,0C,07,00,00,97,
11433756,0000002C,false,Rx,0,8,1E,00,2F,52,70,D5,00,80,
11438977,000000E0,false,Rx,0,8,00,00,00,0C,08,00,00,2C,
11443758,0000002C,false,Rx,0,8,1E,00,2F,52,80,BD,00,80,
11448970,000000E0,false,Rx,0,8,00,00,00,0C,09,00,00,31,
11453761,0000002C,false,Rx,0,8,1E,00,2F,52,90,20,00,80,
11458972,000000E0,false,Rx,0,8,00,00,00,0C,0A,00,00,16,
11463763,0000002C,false,Rx,0,8,1E,00,2F,52,A0,9A,00,80,
11468964,000000E0,false,Rx,0,8,00,00,00,0C,0B,00,00,0B,
11473755,0000002C,false,Rx,0,8,1E,00,2F,52,B0,07,00,80,
11478966,000000E0,false,Rx,0,8,00,00,00,0C,0C,00,00,58,
11483749,0000002C,false,Rx,0,8,1E,00,2F,52,C0,F3,00,80,
11488960,000000E0,false,Rx,0,8,00,00,00,0C,0D,00,00,45,
11493751,0000002C,false,Rx,0,8,1E,00,2F,52,D0,6E,00,80,
11498962,000000E0,false,Rx,0,8,00,00,00,0C,0E,00,00,62,
11503753,0000002C,false,Rx,0,8,1E,00,2F,52,E0,D4,00,80,
11508965,000000E0,false,Rx,0,8,00,00,00,0C,0F,00,00,7F,
11513746,0000002C,false,Rx,0,8,1E,00,2F,52,F0,49,00,80,
11518967,000000E0,false,Rx,0,8,00,00,00,0C,00,00,00,C4,
11523748,0000002C,false,Rx,0,8,1E,00,2F,52,00,21,00,80,
11528959,000000E0,false,Rx,0,8,00,00,00,0C,01,00,00,D9,
11533741,0000002C,false,Rx,0,8,1E,00,2F,52,10,BC,00,80,
11538962,000000E0,false,Rx,0,8,00,00,00,0C,02,00,00,FE,
11543752,0000002C,false,Rx,0,8,1E,00,2F,52,20,06,00,80,
11548955,000000E0,false,Rx,0,8,00,00,00,0C,03,00,00,E3,
11553746,0000002C,false,Rx,0,8,1E,00,2F,52,30,9B,00,80,
11558960,000000E0,false,Rx,0,8,00,00,00,0C,04,00,00,B0,
11563740,0000002C,false,Rx,0,8,1E,00,2F,52,40,6F,00,80,
11568962,000000E0,false,Rx,0,8,00,00,00,0C,05,00,00,AD,
11573744,0000002C,false,Rx,0,8,1E,00,2F,52,50,F2,00,80,
11578956,000000E0,false,Rx,0,8,00,00,00,0C,06,00,00,8A,
11583739,0000002C,false,Rx,0,8,1E,00,2F,52,60,48,00,80,
11588950,000000E0,false,Rx,0,8,00,00,00,0C,07,00,00,97,
11593733,0000002C,false,Rx,0,8,1E,00,2F,52,70,D5,00,80,
11598955,000000E0,false,Rx,0,8,00,00,00,0C,08,00,00,2C,
11603736,0000002C,false,Rx,0,8,1E,00,2F,52,80,BD,00,80,
11608947,000000E0,false,Rx,0,8,00,00,00,0C,09,00,00,31,
11613738,0000002C,false,Rx,0,8,1E,00,2F,52,90,20,00,80,
11618950,000000E0,false,Rx,0,8,00,00,00,0C,0A,00,00,16,
11623741,0000002C,false,Rx,0,8,1E,00,2F,52,A0,9A,00,80,
11628942,000000E0,false,Rx,0,8,00,00,00,0C,0B,00,00,0B,
11633734,0000002C,false,Rx,0,8,1E,00,2F,52,B0,07,00,80,
11638945,000000E0,false,Rx,0,8,00,00,00,0C,0C,00,00,58,
11643726,0000002C,false,Rx,0,8,1E,00,2F,52,C0,F3,00,80,
11648937,000000E0,false,Rx,0,8,00,00,00,0C,0D,00,00,45,
11653729,0000002C,false,Rx,0,8,1E,00,2F,52,D0,6E,00,80,
11658940,000000E0,false,Rx,0,8,00,00,00,0C,0E,00,00,62,
11663731,0000002C,false,Rx,0,8,1E,00,2F,52,E0,D4,00,80,
11668942,000000E0,false,Rx,0,8,00,00,00,0C,0F,00,00,7F,
11673724,0000002C,false,Rx,0,8,1E,00,2F,52,F0,49,00,80,
11678945,000000E0,false,Rx,0,8,00,00,00,0C,00,00,00,C4,
11683726,0000002C,false,Rx,0,8,1E,00,2F,52,00,21,00,80,
11688937,000000E0,false,Rx,0,8,00,00,00,0C,01,00,00,D9,
11693719,0000002C,false,Rx,0,8,1E,00,2F,52,10,BC,00,80,
11698939,000000E0,false,Rx,0,8,00,00,00,0C,02,00,00,FE,
11703721,0000002C,false,Rx,0,8,1E,00,2F,52,20,06,00,80,
11708931,000000E0,false,Rx,0,8,00,00,00,0C,03,00,00,E3,
11713715,0000002C,false,Rx,0,8,1E,00,2F,52,30,9B,00,80,
11718935,000000E0,false,Rx,0,8,00,00,00,0C,04,00,00,B0,
11723717,0000002C,false,Rx,0,8,1E,00,2F,52,40,6F,00,80,
11728937,000000E0,false,Rx,0,8,00,00,00,0C,05,00,00,AD,
11733719,0000002C,false,Rx,0,8,1E,00,2F,52,50,F2,00,80,
11738929,000000E0,false,Rx,0,8,00,00,00,0C,06,00,00,8A,
11743721,0000002C,false,Rx,0,8,1E,00,2F,52,60,48,00,80,
11748931,000000E0,false,Rx,0,8,00,00,00,0C,07,00,00,97,
11753715,0000002C,false,Rx,0,8,1E,00,2F,52,70,D5,00,80,
11758925,000000E0,false,Rx,0,8,00,00,00,0C,08,00,00,2C,
11763708,0000002C,false,Rx,0,8,1E,00,2F,52,80,BD,00,80,
11768920,000000E0,false,Rx,0,8,00,00,00,0C,09,00,00,31,
11773714,0000002C,false,Rx,0,8,1E,00,2F,52,90,20,00,80,
11778934,000000E0,false,Rx,0,8,00,00,00,0C,0A,00,00,16,
11783716,0000002C,false,Rx,0,8,1E,00,2F,52,A0,9A,00,80,
11788926,000000E0,false,Rx,0,8,00,00,00,0C,0B,00,00,0B,
11793708,0000002C,false,Rx,0,8,1E,00,2F,52,B0,07,00,80,
11798919,000000E0,false,Rx,0,8,00,00,00,0C,0C,00,00,58,
11803711,0000002C,false,Rx,0,8,1E,00,2F,52,C0,F3,00,80,
11808925,000000E0,false,Rx,0,8,00,00,00,0C,0D,00,00,45,
11813705,0000002C,false,Rx,0,8,1E,00,2F,52,D0,6E,00,80,
11818927,000000E0,false,Rx,0,8,00,00,00,0C,0E,00,00,62,
11823708,0000002C,false,Rx,0,8,1E,00,2F,52,E0,D4,00,80,
11828920,000000E0,false,Rx,0,8,00,00,00,0C,0F,00,00,7F,
11833701,0000002C,false,Rx,0,8,1E,00,2F,52,F0,49,00,80,
11838922,000000E0,false,Rx,0,8,00,00,00,0C,00,00,00,C4,
11843714,0000002C,false,Rx,0,8,1E,00,2F,52,00,21,00,80,
11848915,000000E0,false,Rx,0,8,00,00,00,0C,01,00,00,D9,
11853696,0000002C,false,Rx,0,8,1E,00,2F,52,10,BC,00,80,
11858917,000000E0,false,Rx,0,8,00,00,00,0C,02,00,00,FE,
11863699,0000002C,false,Rx,0,8,1E,00,2F,52,20,06,00,80,
11868910,000000E0,false,Rx,0,8,00,00,00,0C,03,00,00,E3,
11873691,0000002C,false,Rx,0,8,1E,00,2F,52,30,9B,00,80,
11878912,000000E0,false,Rx,0,8,00,00,00,0C,04,00,00,B0,
11883694,0000002C,false,Rx,0,8,1E,00,2F,52,40,6F,00,80,
11888915,000000E0,false,Rx,0,8,00,00,00,0C,05,00,00,AD,
11893696,0000002C,false,Rx,0,8,1E,00,2F,52,50,F2,00,80,
11898907,000000E0,false,Rx,0,8,00,00,00,0C,06,00,00,8A,
11903689,0000002C,false,Rx,0,8,1E,00,2F,52,60,48,00,80,
11908900,000000E0,false,Rx,0,8,00,00,00,0C,07,00,00,97,
11913691,0000002C,false,Rx,0,8,1E,00,2F,52,70,D5,00,80,
11918902,000000E0,false,Rx,0,8,00,00,00,0C,08,00,00,2C,
11923684,0000002C,false,Rx,0,8,1E,00,2F,52,80,BD,00,80,
11928905,000000E0,false,Rx,0,8,00,00,00,0C,09,00,00,31,
11933686,0000002C,false,Rx,0,8,1E,00,2F,52,90,20,00,80,
11938907,000000E0,false,Rx,0,8,00,00,00,0C,0A,00,00,16,
11943688,0000002C,false,Rx,0,8,1E,00,2F,52,A0,9A,00,80,
11948901,000000E0,false,Rx,0,8,00,00,00,0C,0B,00,00,0B,
11953684,0000002C,false,Rx,0,8,1E,00,2F,52,B0,07,00,80,
11958895,000000E0,false,Rx,0,8,00,00,00,0C,0C,00,00,58,
11963686,0000002C,false,Rx,0,8,1E,00,2F,52,C0,F3,00,80,
11968897,000000E0,false,Rx,0,8,00,00,00,0C,0D,00,00,45,
11973678,0000002C,false,Rx,0,8,1E,00,2F,52,D0,6E,00,80,
11978900,000000E0,false,Rx,0,8,00,00,00,0C,0E,00,00,62,
11983681,0000002C,false,Rx,0,8,1E,00,2F,52,E0,D4,00,80,
11988892,000000E0,false,Rx,0,8,00,00,00,0C,0F,00,00,7F,
11993683,0000002C,false,Rx,0,8,1E,00,2F,52,F0,49,00,80,
11998895,000000E0,false,Rx,0,8,00,00,00,0C,00,00,00,C4,
12003686,0000002C,false,Rx,0,8,1E,00,2F,52,00,21,00,80,
12008887,000000E0,false,Rx,0,8,00,00,00,0C,01,00,00,D9,
12013679,0000002C,false,Rx,0,8,1E,00,2F,52,10,BC,00,80,
12018891,000000E0,false,Rx,0,8,00,00,00,0C,02,00,00,FE,
12023681,0000002C,false,Rx,0,8,1E,00,2F,52,20,06,00,80,
12028892,000000E0,false,Rx,0,8,00,00,00,0C,03,00,00,E3,
12033674,0000002C,false,Rx,0,8,1E,00,2F,52,30,9B,00,80,
12038886,000000E0,false,Rx,0,8,00,00,00,0C,04,00,00,B0,
12043677,0000002C,false,Rx,0,8,1E,00,2F,52,40,6F,00,80,
12048888,000000E0,false,Rx,0,8,00,00,00,0C,05,00,00,AD,
12053679,0000002C,false,Rx,0,8,1E,00,2F,52,50,F2,00,80,
12058882,000000E0,false,Rx,0,8,00,00,00,0C,06,00,00,8A,
12063674,0000002C,false,Rx,0,8,1E,00,2F,52,60,48,00,80,
12068885,000000E0,false,Rx,0,8,00,00,00,0C,07,00,00,97,
12073666,0000002C,false,Rx,0,8,1E,00,2F,52,70,D5,00,80,
12078887,000000E0,false,Rx,0,8,00,00,00,0C,08,00,00,2C,
12083669,0000002C,false,Rx,0,8,1E,00,2F,52,80,BD,00,80,
12088880,000000E0,false,Rx,0,8,00,00,00,0C,09,00,00,31,
12093661,0000002C,false,Rx,0,8,1E,00,2F,52,90,20,00,80,
12098882,000000E0,false,Rx,0,8,00,00,00,0C,0A,00,00,16,
12103665,0000002C,false,Rx,0,8,1E,00,2F,52,A0,9A,00,80,
12108876,000000E0,false,Rx,0,8,00,00,00,0C,0B,00,00,0B,
12113666,0000002C,false,Rx,0,8,1E,00,2F,52,B0,07,00,80,
12118877,000000E0,false,Rx,0,8,00,00,00,0C,0C,00,00,58,
12123660,0000002C,false,Rx,0,8,1E,00,2F,52,C0,F3,00,80,
12128871,000000E0,false,Rx,0,8,00,00,00,0C,0D,00,00,45,
12133661,0000002C,false,Rx,0,8,1E,00,2F,52,D0,6E,00,80,
12138872,000000E0,false,Rx,0,8,00,00,00,0C,0E,00,00,62,
12143655,0000002C,false,Rx,0,8,1E,00,2F,52,E0,D4,00,80,
12148876,000000E0,false,Rx,0,8,00,00,00,0C,0F,00,00,7F,
12153657,0000002C,false,Rx,0,8,1E,00,2F,52,F0,49,00,80,
12158879,000000E0,false,Rx,0,8,00,00,00,0C,00,00,00,C4,
12163669,0000002C,false,Rx,0,8,1E,00,2F,52,00,21,00,80,
12168871,000000E0,false,Rx,0,8,00,00,00,0C,01,00,00,D9,
12173651,0000002C,false,Rx,0,8,1E,00,2F,52,10,BC,00,80,
12178873,000000E0,false,Rx,0,8,00,00,00,0C,02,00,00,FE,
12183654,0000002C,false,Rx,0,8,1E,00,2F,52,20,06,00,80,
12188865,000000E0,false,Rx,0,8,00,00,00,0C,03,00,00,E3,
12193646,0000002C,false,Rx,0,8,1E,00,2F,52,30,9B,00,80,
12198867,000000E0,false,Rx,0,8,00,00,00,0C,04,00,00,B0,
12203648,0000002C,false,Rx,0,8,1E,00,2F,52,40,6F,00,80,
12208860,000000E0,false,Rx,0,8,00,00,00,0C,05,00,00,AD,
12213641,0000002C,false,Rx,0,8,1E,00,2F,52,50,F2,00,80,
12218862,000000E0,false,Rx,0,8,00,00,00,0C,06,00,00,8A,
12223645,0000002C,false,Rx,0,8,1E,00,2F,52,60,48,00,80,
12228855,000000E0,false,Rx,0,8,00,00,00,0C,07,00,00,97,
12233647,0000002C,false,Rx,0,8,1E,00,2F,52,70,D5,00,80,
12238857,000000E0,false,Rx,0,8,00,00,00,0C,08,00,00,2C,
12243639,0000002C,false,Rx,0,8,1E,00,2F,52,80,BD,00,80,
12248850,000000E0,false,Rx,0,8,00,00,00,0C,09,00,00,31,
12253642,0000002C,false,Rx,0,8,1E,00,2F,52,90,20,00,80,
12258852,000000E0,false,Rx,0,8,00,00,00,0C,0A,00,00,16,
12263644,0000002C,false,Rx,0,8,1E,00,2F,52,A0,9A,00,80,
12268855,000000E0,false,Rx,0,8,00,00,00,0C,0B,00,00,0B,
12273647,0000002C,false,Rx,0,8,1E,00,2F,52,B0,07,00,80,
12278857,000000E0,false,Rx,0,8,00,00,00,0C,0C,00,00,58,
12283641,0000002C,false,Rx,0,8,1E,00,2F,52,C0,F3,00,80,
12288851,000000E0,false,Rx,0,8,00,00,00,0C,0D,00,00,45,
12293634,0000002C,false,Rx,0,8,1E,00,2F,52,D0,6E,00,80,
12298856,000000E0,false,Rx,0,8,00,00,00,0C,0E,00,00,62,
12303638,0000002C,false,Rx,0,8,1E,00,2F,52,E0,D4,00,80,
12308848,000000E0,false,Rx,0,8,00,00,00,0C,0F,00,00,7F,
12313631,0000002C,false,Rx,0,8,1E,00,2F,52,F0,49,00,80,
12318851,000000E0,false,Rx,0,8,00,00,00,0C,00,00,00,C4,
12323645,0000002C,false,Rx,0,8,1E,00,2F,52,00,21,00,80,
12328845,000000E0,false,Rx,0,8,00,00,00,0C,01,00,00,D9,
12333627,0000002C,false,Rx,0,8,1E,00,2F,52,10,BC,00,80,
12338848,000000E0,false,Rx,0,8,00,00,00,0C,02,00,00,FE,
12343629,0000002C,false,Rx,0,8,1E,00,2F,52,20,06,00,80,
12348841,000000E0,false,Rx,0,8,00,00,00,0C,03,00,00,E3,
12353632,0000002C,false,Rx,0,8,1E,00,2F,52,30,9B,00,80,
12358843,000000E0,false,Rx,0,8,00,00,00,0C,04,00,00,B0,
12363634,0000002C,false,Rx,0,8,1E,00,2F,52,40,6F,00,80,
12368836,000000E0,false,Rx,0,8,00,00,00,0C,05,00,00,AD,
12373617,0000002C,false,Rx,0,8,1E,00,2F,52,50,F2,00,80,
12378838,000000E0,false,Rx,0,8,00,00,00,0C,06,00,00,8A,
12383621,0000002C,false,Rx,0,8,1E,00,2F,52,60,48,00,80,
12388832,000000E0,false,Rx,0,8,00,00,00,0C,07,00,00,97,
12393623,0000002C,false,Rx,0,8,1E,00,2F,52,70,D5,00,80,
12398835,000000E0,false,Rx,0,8,00,00,00,0C,08,00,00,2C,
12403616,0000002C,false,Rx,0,8,1E,00,2F,52,80,BD,00,80,
12408838,000000E0,false,Rx,0,8,00,00,00,0C,09,00,00,31,
12413619,0000002C,false,Rx,0,8,1E,00,2F,52,90,20,00,80,
12418831,000000E0,false,Rx,0,8,00,00,00,0C,0A,00,00,16,
12423622,0000002C,false,Rx,0,8,1E,00,2F,52,A0,9A,00,80,
12428833,000000E0,false,Rx,0,8,00,00,00,0C,0B,00,00,0B,
12433624,0000002C,false,Rx,0,8,1E,00,2F,52,B0,07,00,80,
12438826,000000E0,false,Rx,0,8,00,00,00,0C,0C,00,00,58,
12443617,0000002C,false,Rx,0,8,1E,00,2F,52,C0,F3,00,80,
12448828,000000E0,false,Rx,0,8,00,00,00,0C,0D,00,00,45,
12453609,0000002C,false,Rx,0,8,1E,00,2F,52,D0,6E,00,80,
12458830,000000E0,false,Rx,0,8,00,00,00,0C,0E,00,00,62,
12463611,0000002C,false,Rx,0,8,1E,00,2F,52,E0,D4,00,80,
12468822,000000E0,false,Rx,0,8,00,00,00,0C,0F,00,00,7F,
12473613,0000002C,false,Rx,0,8,1E,00,2F,52,F0,49,00,80,
12478824,000000E0,false,Rx,0,8,00,00,00,0C,00,00,00,C4,
12483616,0000002C,false,Rx,0,8,1E,00,2F,52,00,21,00,80,
12488827,000000E0,false,Rx,0,8,00,00,00,0C,01,00,00,D9,
12493609,0000002C,false,Rx,0,8,1E,00,2F,52,10,BC,00,80,
12498820,000000E0,false,Rx,0,8,00,00,00,0C,02,00,00,FE,
12503611,0000002C,false,Rx,0,8,1E,00,2F,52,20,06,00,80,
12508822,000000E0,false,Rx,0,8,00,00,00,0C,03,00,00,E3,
12513604,0000002C,false,Rx,0,8,1E,00,2F,52,30,9B,00,80,
12518825,000000E0,false,Rx,0,8,00,00,00,0C,04,00,00,B0,
12523606,0000002C,false,Rx,0,8,1E,00,2F,52,40,6F,00,80,
12528818,000000E0,false,Rx,0,8,00,00,00,0C,05,00,00,AD,
12533599,0000002C,false,Rx,0,8,1E,00,2F,52,50,F2,00,80,
12538820,000000E0,false,Rx,0,8,00,00,00,0C,06,00,00,8A,
12543611,0000002C,false,Rx,0,8,1E,00,2F,52,60,48,00,80,
12548812,000000E0,false,Rx,0,8,00,00,00,0C,07,00,00,97,
12553594,0000002C,false,Rx,0,8,1E,00,2F,52,70,D5,00,80,
12558815,000000E0,false,Rx,0,8,00,00,00,0C,08,00,00,2C,
12563596,0000002C,false,Rx,0,8,1E,00,2F,52,80,BD,00,80,
12568809,000000E0,false,Rx,0,8,00,00,00,0C,09,00,00,31,
12573601,0000002C,false,Rx,0,8,1E,00,2F,52,90,20,00,80,
12578812,000000E0,false,Rx,0,8,00,00,00,0C,0A,00,00,16,
12583593,0000002C,false,Rx,0,8,1E,00,2F,52,A0,9A,00,80,
12588815,000000E0,false,Rx,0,8,00,00,00,0C,0B,00,00,0B,
12593596,0000002C,false,Rx,0,8,1E,00,2F,52,B0,07,00,80,
12598807,000000E0,false,Rx,0,8,00,00,00,0C,0C,00,00,58,
12603588,0000002C,false,Rx,0,8,1E,00,2F,52,C0,F3,00,80,
12608800,000000E0,false,Rx,0,8,00,00,00,0C,0D,00,00,45,
12613591,0000002C,false,Rx,0,8,1E,00,2F,52,D0,6E,00,80,
12618802,000000E0,false,Rx,0,8,00,00,00,0C,0E,00,00,62,
